{
    "normal_x_speed": 320.08399999999983,
    "normal_y_speed": 160.09199999999987,
    "normalsmooth": 1.2900000000000027,
    "normalsmoothfov": 16.66,
    "mouse_dpi": 800,
    "fovsize": 30.970000000000027,
    "tbfovsize": 2.5,
    "tbdelay": 0.33999999999999997,
    "in_game_sens": 0.235,
    "color": "purple",
    "mode": "Normal",
    "enableaim": true,
    "enabletb": true,
    "selected_mouse_button": 1,
    "selected_tb_btn": 2
}